{
  "Get Employee Profile Transaction Controller" : {
    "transaction" : "Get Employee Profile Transaction Controller",
    "sampleCount" : 1123,
    "errorCount" : 0,
    "errorPct" : 0.0,
    "meanResTime" : 9879.984861976836,
    "medianResTime" : 12019.0,
    "minResTime" : 351.0,
    "maxResTime" : 26590.0,
    "pct1ResTime" : 16614.4,
    "pct2ResTime" : 17823.6,
    "pct3ResTime" : 20047.92,
    "throughput" : 2.7014674043781572,
    "receivedKBytesPerSec" : 1.562436571596103,
    "sentKBytesPerSec" : 1.007205466682704
  },
  "Login HTTP Request" : {
    "transaction" : "Login HTTP Request",
    "sampleCount" : 3844,
    "errorCount" : 0,
    "errorPct" : 0.0,
    "meanResTime" : 273.6979708636839,
    "medianResTime" : 257.0,
    "minResTime" : 73.0,
    "maxResTime" : 979.0,
    "pct1ResTime" : 405.5,
    "pct2ResTime" : 468.0,
    "pct3ResTime" : 603.5500000000002,
    "throughput" : 9.179043889392998,
    "receivedKBytesPerSec" : 2.886379035531783,
    "sentKBytesPerSec" : 3.7976103950761737
  },
  "Get Department Analytics Transaction Controller" : {
    "transaction" : "Get Department Analytics Transaction Controller",
    "sampleCount" : 1187,
    "errorCount" : 0,
    "errorPct" : 0.0,
    "meanResTime" : 20225.629317607418,
    "medianResTime" : 25836.0,
    "minResTime" : 501.0,
    "maxResTime" : 40330.0,
    "pct1ResTime" : 32520.600000000002,
    "pct2ResTime" : 34045.799999999996,
    "pct3ResTime" : 36214.479999999996,
    "throughput" : 2.8433998150712165,
    "receivedKBytesPerSec" : 1.6560727553729955,
    "sentKBytesPerSec" : 1.0579446577559897
  },
  "Get Random Employee Details HTTP Request" : {
    "transaction" : "Get Random Employee Details HTTP Request",
    "sampleCount" : 1519,
    "errorCount" : 0,
    "errorPct" : 0.0,
    "meanResTime" : 43.75181040158002,
    "medianResTime" : 12.0,
    "minResTime" : 0.0,
    "maxResTime" : 535.0,
    "pct1ResTime" : 145.0,
    "pct2ResTime" : 215.0,
    "pct3ResTime" : 350.1999999999998,
    "throughput" : 3.6511526729850754,
    "receivedKBytesPerSec" : 1.2620177140395112,
    "sentKBytesPerSec" : 1.3078303546533567
  },
  "Total" : {
    "transaction" : "Total",
    "sampleCount" : 9192,
    "errorCount" : 0,
    "errorPct" : 0.0,
    "meanResTime" : 3964.390448215819,
    "medianResTime" : 246.0,
    "minResTime" : 0.0,
    "maxResTime" : 40330.0,
    "pct1ResTime" : 16421.700000000008,
    "pct2ResTime" : 27643.0,
    "pct3ResTime" : 33161.42,
    "throughput" : 21.902297453786435,
    "receivedKBytesPerSec" : 4776.929683237099,
    "sentKBytesPerSec" : 8.476425770732364
  },
  "Get Random Department Analytics HTTP Request" : {
    "transaction" : "Get Random Department Analytics HTTP Request",
    "sampleCount" : 1187,
    "errorCount" : 0,
    "errorPct" : 0.0,
    "meanResTime" : 20225.62931760742,
    "medianResTime" : 25836.0,
    "minResTime" : 501.0,
    "maxResTime" : 40330.0,
    "pct1ResTime" : 32520.600000000002,
    "pct2ResTime" : 34045.799999999996,
    "pct3ResTime" : 36214.479999999996,
    "throughput" : 2.8433998150712165,
    "receivedKBytesPerSec" : 1.6560727553729955,
    "sentKBytesPerSec" : 1.0579446577559897
  },
  "Search for Employee HTTP Request" : {
    "transaction" : "Search for Employee HTTP Request",
    "sampleCount" : 1519,
    "errorCount" : 0,
    "errorPct" : 0.0,
    "meanResTime" : 144.22514812376562,
    "medianResTime" : 54.0,
    "minResTime" : 13.0,
    "maxResTime" : 4762.0,
    "pct1ResTime" : 173.0,
    "pct2ResTime" : 476.0,
    "pct3ResTime" : 2228.399999999997,
    "throughput" : 3.6564611522065142,
    "receivedKBytesPerSec" : 4818.432894162571,
    "sentKBytesPerSec" : 1.3542547094389175
  },
  "Get Random Employee Profile HTTP Request" : {
    "transaction" : "Get Random Employee Profile HTTP Request",
    "sampleCount" : 1123,
    "errorCount" : 0,
    "errorPct" : 0.0,
    "meanResTime" : 9879.984861976836,
    "medianResTime" : 12019.0,
    "minResTime" : 351.0,
    "maxResTime" : 26590.0,
    "pct1ResTime" : 16614.4,
    "pct2ResTime" : 17823.6,
    "pct3ResTime" : 20047.92,
    "throughput" : 2.7014674043781572,
    "receivedKBytesPerSec" : 1.562436571596103,
    "sentKBytesPerSec" : 1.007205466682704
  },
  "Get Employee And Search By Name Transaction Controller" : {
    "transaction" : "Get Employee And Search By Name Transaction Controller",
    "sampleCount" : 1519,
    "errorCount" : 0,
    "errorPct" : 0.0,
    "meanResTime" : 187.97893350888754,
    "medianResTime" : 77.0,
    "minResTime" : 13.0,
    "maxResTime" : 4860.0,
    "pct1ResTime" : 329.0,
    "pct2ResTime" : 618.0,
    "pct3ResTime" : 2260.9999999999973,
    "throughput" : 3.651003485158034,
    "receivedKBytesPerSec" : 4812.5028237103415,
    "sentKBytesPerSec" : 2.6600102526739575
  }
}