{
  "Get Employee Profile Transaction Controller" : {
    "transaction" : "Get Employee Profile Transaction Controller",
    "sampleCount" : 1115,
    "errorCount" : 0,
    "errorPct" : 0.0,
    "meanResTime" : 10201.426008968609,
    "medianResTime" : 12480.0,
    "minResTime" : 351.0,
    "maxResTime" : 22211.0,
    "pct1ResTime" : 16844.399999999998,
    "pct2ResTime" : 17844.8,
    "pct3ResTime" : 19299.36,
    "throughput" : 2.6885804054331026,
    "receivedKBytesPerSec" : 1.554443866238905,
    "sentKBytesPerSec" : 1.002410793082994
  },
  "Login HTTP Request" : {
    "transaction" : "Login HTTP Request",
    "sampleCount" : 3803,
    "errorCount" : 0,
    "errorPct" : 0.0,
    "meanResTime" : 264.08414409676595,
    "medianResTime" : 253.0,
    "minResTime" : 80.0,
    "maxResTime" : 959.0,
    "pct1ResTime" : 374.0,
    "pct2ResTime" : 429.0,
    "pct3ResTime" : 568.8800000000001,
    "throughput" : 9.099522891174205,
    "receivedKBytesPerSec" : 2.8613734091387633,
    "sentKBytesPerSec" : 3.7642942725406403
  },
  "Get Department Analytics Transaction Controller" : {
    "transaction" : "Get Department Analytics Transaction Controller",
    "sampleCount" : 1172,
    "errorCount" : 0,
    "errorPct" : 0.0,
    "meanResTime" : 20373.159556314004,
    "medianResTime" : 25939.5,
    "minResTime" : 501.0,
    "maxResTime" : 40181.0,
    "pct1ResTime" : 32360.3,
    "pct2ResTime" : 33694.649999999994,
    "pct3ResTime" : 35847.549999999996,
    "throughput" : 2.7996550595643335,
    "receivedKBytesPerSec" : 1.6307044539478242,
    "sentKBytesPerSec" : 1.0416685329043076
  },
  "Get Random Employee Details HTTP Request" : {
    "transaction" : "Get Random Employee Details HTTP Request",
    "sampleCount" : 1508,
    "errorCount" : 0,
    "errorPct" : 0.0,
    "meanResTime" : 39.082891246684405,
    "medianResTime" : 12.0,
    "minResTime" : 0.0,
    "maxResTime" : 595.0,
    "pct1ResTime" : 121.0,
    "pct2ResTime" : 183.0999999999999,
    "pct3ResTime" : 356.19000000000074,
    "throughput" : 3.610505901788493,
    "receivedKBytesPerSec" : 1.2469005883831732,
    "sentKBytesPerSec" : 1.2932491373273158
  },
  "Total" : {
    "transaction" : "Total",
    "sampleCount" : 9106,
    "errorCount" : 0,
    "errorPct" : 0.0,
    "meanResTime" : 4009.0983966615368,
    "medianResTime" : 242.0,
    "minResTime" : 0.0,
    "maxResTime" : 40181.0,
    "pct1ResTime" : 16753.80000000003,
    "pct2ResTime" : 27638.899999999998,
    "pct3ResTime" : 33000.16,
    "throughput" : 21.68849171378622,
    "receivedKBytesPerSec" : 4748.64159903651,
    "sentKBytesPerSec" : 8.392512356229785
  },
  "Get Random Department Analytics HTTP Request" : {
    "transaction" : "Get Random Department Analytics HTTP Request",
    "sampleCount" : 1172,
    "errorCount" : 0,
    "errorPct" : 0.0,
    "meanResTime" : 20373.159556314,
    "medianResTime" : 25939.5,
    "minResTime" : 501.0,
    "maxResTime" : 40181.0,
    "pct1ResTime" : 32360.3,
    "pct2ResTime" : 33694.649999999994,
    "pct3ResTime" : 35847.549999999996,
    "throughput" : 2.7996550595643335,
    "receivedKBytesPerSec" : 1.6307044539478242,
    "sentKBytesPerSec" : 1.0416685329043076
  },
  "Search for Employee HTTP Request" : {
    "transaction" : "Search for Employee HTTP Request",
    "sampleCount" : 1508,
    "errorCount" : 0,
    "errorPct" : 0.0,
    "meanResTime" : 127.10079575596814,
    "medianResTime" : 56.0,
    "minResTime" : 13.0,
    "maxResTime" : 2734.0,
    "pct1ResTime" : 165.3000000000004,
    "pct2ResTime" : 551.649999999999,
    "pct3ResTime" : 1788.5500000000004,
    "throughput" : 3.615656656476653,
    "receivedKBytesPerSec" : 4772.983772777678,
    "sentKBytesPerSec" : 1.339012767487862
  },
  "Get Random Employee Profile HTTP Request" : {
    "transaction" : "Get Random Employee Profile HTTP Request",
    "sampleCount" : 1115,
    "errorCount" : 0,
    "errorPct" : 0.0,
    "meanResTime" : 10201.426008968609,
    "medianResTime" : 12480.0,
    "minResTime" : 351.0,
    "maxResTime" : 22211.0,
    "pct1ResTime" : 16844.399999999998,
    "pct2ResTime" : 17844.8,
    "pct3ResTime" : 19299.36,
    "throughput" : 2.6885804054331026,
    "receivedKBytesPerSec" : 1.554443866238905,
    "sentKBytesPerSec" : 1.002410793082994
  },
  "Get Employee And Search By Name Transaction Controller" : {
    "transaction" : "Get Employee And Search By Name Transaction Controller",
    "sampleCount" : 1508,
    "errorCount" : 0,
    "errorPct" : 0.0,
    "meanResTime" : 166.18435013262612,
    "medianResTime" : 78.0,
    "minResTime" : 14.0,
    "maxResTime" : 2893.0,
    "pct1ResTime" : 306.10000000000014,
    "pct2ResTime" : 666.6499999999999,
    "pct3ResTime" : 1820.8500000000029,
    "throughput" : 3.6103589529959037,
    "receivedKBytesPerSec" : 4767.237189570181,
    "sentKBytesPerSec" : 2.630247331584416
  }
}